[{"topic": "Southeast Asia's Largest Bank DBS Launches First Security Token Offering on Its Cryptocurrency Exchange.", "detail": "Related news:<br><a href = \"https://cointelegraph.com/news/singapore-s-dbs-bank-launches-digital-bond-security-token\" target=\"_black\">Headline: Singapore\ufffd\ufffds DBS Bank launches digital bond security token.</a><br><a href = \"https://news.bitcoin.com/dbs-security-token-offering-cryptocurrency-exchange/\" target=\"_black\">Headline: Southeast Asia's Largest Bank DBS Launches First Security Token Offering on Its Cryptocurrency Exchange.</a><br><a href = \"https://www.crowdfundinsider.com/2021/05/176030-singapores-dbs-issues-sgd-15-million-digital-bond-in-first-security-token-offering/\" target=\"_black\">Headline: Singapore's DBS Issues SGD 15 Million Digital Bond in First Security Token Offering.</a><br><a href = \"https://www.securities.io/dbs-bank-hosts-inaugural-11-35m-digital-securities-offering/\" target=\"_black\">Headline: DBS Bank Hosts Inaugural $11.35M Digital Securities Offering.</a><br><a href = \"https://www.financemagnates.com/cryptocurrency/news/asias-banking-giant-dbs-launches-blockchain-bonds/\" target=\"_black\">Headline: Asia\ufffd\ufffds Banking Giant DBS Launches Blockchain Bonds.</a><br><a href = \"https://www.securities.io/dbs-bank-hosts-inaugural-11-35m-digital-securities-offering/\" target=\"_black\">Headline: DBS Bank Hosts Inaugural $11.35M Digital Securities Offering.</a><br><a href = \"https://www.financemagnates.com/cryptocurrency/news/asias-banking-giant-dbs-launches-blockchain-bonds/\" target=\"_black\">Headline: Asia??s Banking Giant DBS Launches Blockchain Bonds.</a><br><a href = \"https://www.crowdfundinsider.com/2021/05/176030-singapores-dbs-issues-sgd-15-million-digital-bond-in-first-security-token-offering/\" target=\"_black\">Headline: Singapore's DBS Issues SGD 15 Million Digital Bond in First Security Token Offering.</a><br><a href = \"https://www.straitstimes.com/business/gic-to-open-new-australian-office-to-focus-on-investment-opportunities\" target=\"_black\">Headline: GIC to open new Australian office to focus on investment opportunities, Business News & Top Stories.</a>", "hotscore_time": "2021-06-03", "hotscore": 59.73074202909798, "keywords_cloud": [["dbs digital bond", 0.12330928639625535], ["dbs digital exchange", 0.15124253180967545], ["dbs digital", 0.238675250846389], ["digital bond", 0.27544846597585737], ["digital", 0.21553544256534996], ["dbs", 0.2518689749526477], ["digital exchange", 0.1844746912259457], ["accredited investors signed", 0.05530785046970401], ["access secondary markets", 0.0639975599440765], ["bond", 0.07460795154489622], ["kevin helms dbs", 0.014720859164545082], ["southeast asia largest", 0.032522356266608314], ["security token offering", 0.04797931443435897], ["exchange", 0.049468016200911936], ["omar faridi singapore-based", 0.024436142093975845], ["faridi singapore-based dbs", 0.03599693351160004], ["singapore-based dbs bank", 0.03599693351160004], ["financial services corporation", 0.06634833428047966], ["capital markets", 0.08817443704967713], ["dbs bank", 0.034566074671713555], ["published onbydbs bank", 0.040957853043687355], ["digital securities", 0.04978116866465221], ["bank", 0.08630366150280175], ["dbs digital custody", 0.08640518727758875], ["digital securities offering", 0.0927939225849778], ["send successfully", 0.09068274646598277], ["check your inbox", 0.09611296349559245], ["authentication email", 0.13654503738076074], ["tablet worth", 0.03945743540374323], ["daily and stand", 0.04300070217292338], ["office", 0.059376309397306246], ["gic", 0.07747251597136644], ["australia", 0.11440081794146645], ["win st rewards", 0.11588362903636837], ["portfolio", 0.11707836372679724], ["real estate", 0.12431673946405968], ["stand to win", 0.12556545857360335], ["investment opportunities", 0.1294035788512037]]}]