[{"topic": "More than half of 52,000 students invited for Covid-19 vaccination have booked their slots: MOE, Singapore News & Top Stories.", "detail": "Related news:<br><a href = \"https://www.channelnewsasia.com/news/singapore/covid-19-vaccine-students-how-to-register-where-to-get-faq-14920852\" target=\"_black\">Headline: FAQ: What you need to know about the COVID-19 vaccination exercise for students.</a><br><a href = \"https://www.channelnewsasia.com/news/singapore/covid-19-vaccination-students-school-moe-14919972\" target=\"_black\">Headline: More than 400,000 students aged 12 and above to receive COVID-19 vaccination invite from Jun 1.</a><br><a href = \"https://www.straitstimes.com/singapore/students-can-begin-booking-vaccination-slots-from-today\" target=\"_black\">Headline: Students can begin booking vaccination slots from today, Singapore News & Top Stories.</a><br><a href = \"https://www.tnp.sg/news/singapore/students-can-register-get-vaccinated-today\" target=\"_black\">Headline: Students can register to get vaccinated from today, Latest Singapore News.</a><br><a href = \"https://www.straitstimes.com/singapore/more-than-half-of-52000-parents-students-who-received-smses-on-covid-19-vaccine-have\" target=\"_black\">Headline: More than half of 52,000 students invited for Covid-19 vaccination have booked their slots: MOE, Singapore News & Top Stories.</a><br><a href = \"https://www.channelnewsasia.com/news/singapore/covid-19-vaccine-students-how-to-register-where-to-get-faq-14920852\" target=\"_black\">Headline: FAQ: What you need to know about the COVID-19 vaccination exercise for students.</a><br><a href = \"https://www.channelnewsasia.com/news/singapore/covid-19-vaccination-students-school-moe-14919972\" target=\"_black\">Headline: More than 400,000 students aged 12 and above to receive COVID-19 vaccination invite from Jun 1.</a>", "hotscore_time": "2021-06-03", "hotscore": 50.36793875382042, "keywords_cloud": [["vaccination", 0.21224962894007532], ["students", 0.18547683930108463], ["schools", 0.12517081687063397], ["vaccination appointment", 0.07015318601793617], ["moe", 0.17856185321030166], ["special education schools", 0.16709490208204686], ["education", 0.1844217038039759], ["education schools", 0.19382443456479168], ["appointment", 0.10866313486014935], ["vaccination centres", 0.20754758675574114], ["chan chun sing", 0.08638864655337974], ["students aged", 0.17849724416887217], ["education chan chun", 0.11379047687662641], ["written exams", 0.01882561445430754], ["exams", 0.023409005892471257], ["oct", 0.025868967882725653], ["oral exams", 0.03623817679422119], ["july", 0.049878154353889155], ["tablet worth", 0.08990542058468695], ["daily and stand", 0.09461701798502456], ["heavy heart recent", 0.010530649760928238], ["heavy heart", 0.04636448836032899], ["heart recent", 0.04636448836032899], ["recent news reports", 0.04636448836032899], ["vaccinated", 0.0469178087474549], ["vaccine", 0.04879650245279944], ["children", 0.06390493231726334], ["aged", 0.09126300901853439], ["win st rewards", 0.09655142809954217], ["stand to win", 0.10432246965049848], ["articles daily", 0.11281479402801588], ["read", 0.1223069579016448]]}]