[{"topic": "Madrasah makes police report over leak of confidential documents.", "detail": "Related news:<br><a href = \"https://www.straitstimes.com/singapore/police-investigating-unauthorised-email-sharing-from-religious-school-muis\" target=\"_black\">Headline: Singapore madrasah makes police report after leak of confidential files, Singapore News & Top Stories.</a><br><a href = \"https://www.channelnewsasia.com/news/singapore/muis-madrasah-irsyad-zuhri-al-islamiah-police-report-leak-14919464\" target=\"_black\">Headline: Madrasah makes police report over leak of confidential documents.</a><br><a href = \"https://www.straitstimes.com/singapore/police-investigating-unauthorised-email-sharing-from-religious-school-muis\" target=\"_black\">Headline: Singapore madrasah makes police report after leak of confidential files, Singapore News & Top Stories.</a><br><a href = \"https://www.straitstimes.com/singapore/police-investigating-unauthorised-email-sharing-from-religious-school-muis\" target=\"_black\">Headline: Singapore madrasah makes police report after leak of confidential files, Singapore News & Top Stories.</a><br><a href = \"https://www.channelnewsasia.com/news/singapore/muis-madrasah-irsyad-zuhri-al-islamiah-police-report-leak-14919464\" target=\"_black\">Headline: Madrasah makes police report over leak of confidential documents.</a>", "hotscore_time": "2021-06-03", "hotscore": 50.43937386758506, "keywords_cloud": [["madrasah irsyad", 0.023211993217190488], ["madrasah", 0.07318467240330924], ["irsyad", 0.07115015196879268], ["itl", 0.09044156735942646], ["muis", 0.19307287249192392], ["school", 0.15055291383031089], ["madrasah irsyad staff", 0.1718013261347755], ["madrasah irsyad management", 0.21303087030008705], ["tablet worth", 0.23077055957704717], ["daily and stand", 0.23810486119059524], ["islamic religious council", 0.01578896459729746], ["confidential documents", 0.05002709857478743], ["madrasah confidential documents", 0.053747634566369475], ["islamic religious", 0.0669688281007105], ["religious council", 0.0669688281007105], ["madrasah irsyad zuhri", 0.07391428771096673], ["religious school", 0.08290436868866025], ["financial transactions", 0.08731091874122789]]}]