[{"topic": "Most overworked cities in the world 2021: Hong Kong, Singapore and Bangkok top rankings.", "detail": "Related news:<br><a href = \"https://www.channelnewsasia.com/news/asia/china-three-child-policy-women-scepticism-doubts-14925952\" target=\"_black\">Headline: China's new three-child policy draws scepticism, cost questions.</a><br><a href = \"https://www.channelnewsasia.com/news/asia/china-three-child-policy-women-scepticism-doubts-14925952\" target=\"_black\">Headline: China's new three-child policy draws scepticism, cost questions.</a><br><a href = \"https://www.channelnewsasia.com/news/asia/china-three-child-policy-population-fertility-ageing-14919824\" target=\"_black\">Headline: Three-child policy: China lifts cap on births in major policy shift.</a><br><a href = \"https://www.channelnewsasia.com/news/asia/china-three-child-policy-population-fertility-ageing-14919824\" target=\"_black\">Headline: Three-child policy: China lifts cap on births in major policy shift.</a><br><a href = \"https://www.theonlinecitizen.com/2021/05/31/china-allows-couples-to-have-three-children-state-media/\" target=\"_black\">Headline: China allows couples to have three children: state media.</a><br><a href = \"https://www.humanresourcesonline.net/most-overworked-cities-in-the-world-2021-hong-kong-singapore-and-bangkok-top-rankings\" target=\"_black\">Headline: Most overworked cities in the world 2021: Hong Kong, Singapore and Bangkok top rankings.</a>", "hotscore_time": "2021-06-03", "hotscore": 45.58359119412283, "keywords_cloud": [["supportive measures", 0.05982668772142237], ["include supportive measures", 0.062258650396835084], ["scepticism on tuesday", 0.06952358861729589], ["make much difference", 0.06952358861729589], ["met with scepticism", 0.07348917663016163], ["doubts expressed", 0.07348917663016163], ["calls for details", 0.07348917663016163], ["china", 0.17486052542647867], ["policy", 0.1087331525911405], ["children", 0.18168824695876157], ["major shift", 0.07193484150110482], ["dramatic decline", 0.07193484150110482], ["world most populous", 0.07193484150110482], ["married chinese couples", 0.0876809803462834], ["raising children", 0.09134841435295465], ["married chinese", 0.11597117743226919], ["populous country", 0.11868266483619029], ["recent data showed", 0.12688868107544973], ["family planning policy", 0.003967174542192175], ["family planning", 0.011524235887046453], ["state media xinhua", 0.015952415896588443], ["family planning regulations", 0.017828104785348287], ["strictest family planning", 0.01782810478534829], ["media xinhua reported", 0.018236648987574055], ["planning policy", 0.02038566788665557], ["afpchina has relaxed", 0.03208879702097898], ["state media", 0.03208879702097898], ["planning regulations worldwide", 0.045581149350036765], ["work-life balance", 0.030360165710229724], ["global work-life balance", 0.03372675433122483], ["work-life balance index", 0.03372675433122483], ["cities", 0.036085750192937444], ["score", 0.03657586709787651], ["overworked cities", 0.036937209566899484], ["work-life balance score", 0.041555670820973466], ["overworked populations", 0.04748437852450324], ["overworked cities identified", 0.05824774692235381], ["overworked", 0.059573739947529174]]}]