[{"topic": "Employer's family of 12 put under quarantine after maid tests positive for Covid-19 despite early SHN release, Singapore News & Top Stories.", "detail": "Related news:<br><a href = \"https://www.straitstimes.com/singapore/employers-family-of-12-put-under-quarantine-after-maid-tests-positive-for-covid-19-despite\" target=\"_black\">Headline: Employer's family of 12 put under quarantine after maid tests positive for Covid-19 despite early SHN release, Singapore News & Top Stories.</a><br><a href = \"https://www.theonlinecitizen.com/2021/06/01/netizens-question-moh-mom-protocols-after-another-case-of-mdw-being-released-early-from-shn-only-to-test-positive-for-covid-19-again-later/\" target=\"_black\">Headline: Netizens question MOH & MOM protocols after another case of MDW being released early from SHN only to test positive for COVID-19 again later.</a><br><a href = \"https://www.asiaone.com/singapore/covid-19-scare-quarantine-family-12-after-maids-early-shn-discharge\" target=\"_black\">Headline: Covid-19 scare, quarantine for family of 12 after maid's early SHN discharge, Singapore News.</a><br><a href = \"https://www.asiaone.com/singapore/covid-19-scare-quarantine-family-12-after-maids-early-shn-discharge\" target=\"_black\">Headline: Covid-19 scare, quarantine for family of 12 after maid's early SHN discharge, Singapore News.</a><br><a href = \"https://www.theonlinecitizen.com/2021/06/01/netizens-question-moh-mom-protocols-after-another-case-of-mdw-being-released-early-from-shn-only-to-test-positive-for-covid-19-again-later/\" target=\"_black\">Headline: Netizens question MOH & MOM protocols after another case of MDW being released early from SHN only to test positive for COVID-19 again later.</a><br><a href = \"https://www.straitstimes.com/singapore/employers-family-of-12-put-under-quarantine-after-maid-tests-positive-for-covid-19-despite\" target=\"_black\">Headline: Employer's family of 12 put under quarantine after maid tests positive for Covid-19 despite early SHN release, Singapore News & Top Stories.</a>", "hotscore_time": "2021-06-03", "hotscore": 57.50484265518823, "keywords_cloud": [["maid", 0.09658559169482082], ["positive", 0.21089203383920566], ["helper", 0.1864858601884155], ["helper tested positive", 0.13651713872008414], ["lee", 0.27932019735541047], ["tested positive", 0.17806427107604533], ["test", 0.2943025500299213], ["tablet worth", 0.1267344380832972], ["test positive", 0.26366127942171746], ["tests", 0.2806453053273734], ["migrant domestic worker", 0.048912141200392036], ["jade rasif publicly", 0.07243946523700741], ["rasif publicly shared", 0.07243946523700741], ["confusing quarantine order", 0.08315028073358335], ["serology test", 0.08976869880936013], ["shn", 0.11099655053252758], ["hotel worker hired", 0.1194221174671419]]}]