[{"topic": "June 4 anniversary: Hong Kong teachers drop annual ritual of telling students about Beijing crackdown, fearing ?", "detail": "Related news:<br><a href = \"https://www.scmp.com/news/hong-kong/politics/article/3135444/june-4-anniversary-hong-kong-teachers-drop-annual-ritual\" target=\"_black\">Headline: June 4 anniversary: Hong Kong teachers drop annual ritual of telling students about Beijing crackdown, fearing ??red lines??.</a><br><a href = \"https://www.scmp.com/news/china/politics/article/3135476/china-adopt-three-child-policy-cope-ageing-population\" target=\"_black\">Headline: China needs to give incentives for couples to have a third child, analysts say.</a><br><a href = \"https://www.scmp.com/news/china/science/article/3135402/southern-chinese-province-guangdong-high-gear-quash-coronavirus\" target=\"_black\">Headline: Southern Chinese province of Guangdong in high gear to quash coronavirus outbreak.</a><br><a href = \"https://www.scmp.com/news/china/diplomacy/article/3135259/four-european-foreign-ministers-head-china-eu-ties-fray\" target=\"_black\">Headline: Four European foreign ministers to head to China as EU ties fray.</a><br><a href = \"https://www.scmp.com/news/china/diplomacy/article/3135261/entry-denied-us-blocks-college-visas-children-chinese-police\" target=\"_black\">Headline: Entry denied: US blocks college visas for children of Chinese police officers.</a><br><a href = \"https://www.scmp.com/news/china/science/article/3135262/coronavirus-vaccine-china-reports-low-rates-side-effects\" target=\"_black\">Headline: Coronavirus vaccine: China reports \ufffd\ufffdlow rates\ufffd\ufffd of side effects.</a><br><a href = \"https://www.scmp.com/news/china/diplomacy/article/3135103/china-australia-relations-beijing-accuses-canberra\" target=\"_black\">Headline: China-Australia relations: Beijing accuses Canberra of ??exaggerating threat of war?? over Taiwan.</a>", "hotscore_time": "2021-06-03", "hotscore": 42.678740180306185, "keywords_cloud": [["published", 0.31438383815051874]]}]