[{"topic": "TSMC's Japan project attracts over 20 participant companies - Nikkei Asia .", "detail": "Related news:<br><a href = \"https://asia.nikkei.com/Business/Tech/Semiconductors/TSMC-s-Japan-project-attracts-over-20-participant-companies\" target=\"_black\">Headline: \n                                    TSMC's Japan project attracts over 20 participant companies -\n                        Nikkei Asia\n                        .</a><br><a href = \"https://www.channelnewsasia.com/news/business/japan-taiwan-tsmc-chip-development-project-semiconductor-14924862\" target=\"_black\">Headline: Japan approves chip development project with Taiwan's TSMC.</a><br><a href = \"https://www.channelnewsasia.com/news/business/japanese-companies-to-develop-chipmaking-technology-with-tsmc--nikkei-14919846\" target=\"_black\">Headline: Japanese companies to develop chipmaking technology with TSMC -Nikkei.</a><br><a href = \"https://japantoday.com/category/tech/japan-to-provide-19-bil.-yen-to-tsmc-led-advanced-chip-project\" target=\"_black\">Headline: Japan to provide \ufffd\ufffd19 bil to TSMC-led advanced chip project.</a><br><a href = \"https://www.channelnewsasia.com/news/business/japan-taiwan-tsmc-chip-development-project-semiconductor-14924862\" target=\"_black\">Headline: Japan approves chip development project with Taiwan's TSMC.</a><br><a href = \"https://www.pcgamesn.com/intel/chip-shortage-to-last-couple-of-years\" target=\"_black\">Headline: Intel reiterates it??ll be a couple of years before the gaming PC part shortage lets up.</a><br><a href = \"https://www.channelnewsasia.com/news/business/intel-reiterates-chip-supply-shortages-could-last-several-years-14918852\" target=\"_black\">Headline: Intel reiterates chip supply shortages could last several years.</a><br><a href = \"https://www.gizmochina.com/2021/05/31/intel-ceo-believes-chip-shortage-last-for-years/\" target=\"_black\">Headline: Intel CEO now believes that Chip Shortage could last for years.</a><br><a href = \"https://www.techradar.com/sg/news/even-intel-thinks-the-global-chip-shortage-could-last-years\" target=\"_black\">Headline: Even Intel thinks the global chip shortage could last years.</a>", "hotscore_time": "2021-06-03", "hotscore": 54.71309901792098, "keywords_cloud": [["develop cutting-edge chipmaking", 0.007038345689005119], ["cutting-edge chipmaking technologies", 0.007038345689005119], ["enlisted taiwan semiconductor", 0.02062289163034652], ["develop cutting-edge", 0.08003869209249202], ["cutting-edge chipmaking", 0.030783496873992015], ["semiconductor industry pitches", 0.03731793173864849], ["japanese", 0.03814935127198401], ["japanese government", 0.04222830019054425], ["asia", 0.046182545341594355], ["enlisted taiwan", 0.04791660794025346], ["develop cutting-edge chip", 0.020649083073209465], ["market-leading taiwan semiconductor", 0.02631205902238461], ["semiconductor manufacturing company", 0.02963661758625505], ["million semiconductor research", 0.04251067411860344], ["taiwan semiconductor manufacturing", 0.05944124417216319], ["cutting-edge chip technology", 0.06037207134456572], ["market-leading taiwan", 0.07355183674075354], ["semiconductor research project", 0.07704158237104523], ["manufacturing company", 0.08198793845027692], ["including electronic component", 0.006986598607972611], ["nikkei newspaper reported", 0.008070280832251907], ["electronic component maker", 0.008538118634156586], ["develop chip manufacturing", 0.010019437580519208], ["component maker ibiden", 0.01067772145636068], ["chip manufacturing technology", 0.015474783395145594], ["japanese companies", 0.02152903942563144], ["including electronic", 0.02607795859654329], ["newspaper reported", 0.02607795859654329], ["higashi-azabu minato-ku tokyo", 0.011856050957300884], ["minato-ku tokyo 106-0044", 0.018450544850415047], ["japantoday higashi-azabu", 0.019128726662933356], ["106-0044 japan tel", 0.021118619952008963], ["higashi-azabu minato-ku", 0.0329801957194943], ["gaijinpot blog gaijinpot", 0.03324655842809397], ["savvy tokyo gaijinpot", 0.033447192576963276], ["tokyo 106-0044 japan", 0.03524845523704715], ["japan", 0.03854242543770206], ["tokyo gaijinpot blog", 0.041212947225778694], ["graphics card", 0.0214738240201586], ["ceo pat gelsinger", 0.03921791878198292], ["foxconn ceo young-way", 0.04729177026628982], ["ceo young-way liu", 0.0514485456611622], ["intel ceo pat", 0.0549619788911305], ["chip shortage lasting", 0.05848196623551094], ["couple of years", 0.09239386912776458], ["gelsinger", 0.16364280890744806], ["foxconn ceo", 0.10508509818089429], ["chip", 0.11168478320312783], ["auto production lines", 0.005642712730076244], ["including consumer electronics", 0.006375981287150458], ["intel corp ceo", 0.007594947588756775], ["including consumer", 0.022159936538999857], ["corp ceo", 0.024242670516856215], ["shuttered some auto", 0.024242670516856215], ["auto production", 0.024242670516856215], ["production lines", 0.024242670516856215], ["consumer electronics", 0.02984608152797602], ["intel corp", 0.03228019622089698], ["chip shortage", 0.03385005991079067], ["intel has reiterated", 0.035517148387608145], ["previously estimated", 0.06234063974460285], ["shortage", 0.06303455179083625], ["chip shortage stating", 0.06584278866910945], ["cookies", 0.07069163671253055], ["global chip shortage", 0.07309708166097628], ["years", 0.09500570696130764], ["ceo of intel", 0.09583506007645914], ["ceo", 0.09750041911193837], ["global semiconductor supply", 0.0814393721008306], ["current global shortage", 0.08200944724372143], ["global", 0.08893620233938207], ["global supply chains", 0.09260986926267713], ["semiconductor supply chain", 0.09260986926267713], ["techradar is supported", 0.1024465876801459], ["intel", 0.1225423046065232], ["techradar", 0.1325739485695166], ["audience", 0.1382849087270957]]}]