[{"topic": "Hong Kong\ufffd\ufffds first Tiananmen vigil after national security law: residents weigh police ban and seek \ufffd\ufffdother ways\ufffd\ufffd to mark June 4 crackdown.", "detail": "Related news:<br><a href = \"https://www.scmp.com/news/china/science/article/3135660/coronavirus-chinas-first-covax-vaccines-roll-sinopharm-factory\" target=\"_black\">Headline: Coronavirus: China\ufffd\ufffds first Covax vaccines roll off Sinopharm factory lines.</a><br><a href = \"https://www.scmp.com/news/hong-kong/politics/article/3135538/hong-kongs-first-tiananmen-vigil-after-national-security\" target=\"_black\">Headline: Hong Kong\ufffd\ufffds first Tiananmen vigil after national security law: residents weigh police ban and seek \ufffd\ufffdother ways\ufffd\ufffd to mark June 4 crackdown.</a><br><a href = \"https://www.scmp.com/business/article/3135646/third-child-policy-china-should-provide-cheap-homes-ease-anxiety-about\" target=\"_black\">Headline: Three-child policy: China should provide cheap homes to ease anxiety about financial burden of larger families, market observers say.</a><br><a href = \"https://www.scmp.com/news/world/europe/article/3135548/coronavirus-who-switches-greek-alphabet-variant-names-avoid\" target=\"_black\">Headline: Coronavirus: WHO switches to Greek alphabet for variant names to avoid stigma.</a><br><a href = \"https://www.scmp.com/news/china/science/article/3135652/china-reports-worlds-first-possible-human-case-h10n3-bird-flu\" target=\"_black\">Headline: China reports world\ufffd\ufffds first possible human case of H10N3 bird flu.</a><br><a href = \"https://www.scmp.com/news/china/science/article/3135660/coronavirus-chinas-first-covax-vaccines-roll-sinopharm-factory\" target=\"_black\">Headline: Coronavirus: China??s first Covax vaccines roll off Sinopharm factory lines.</a><br><a href = \"https://www.scmp.com/news/china/politics/article/3135591/buddhist-group-offers-relief-taiwans-covid-19-vaccine-shortage\" target=\"_black\">Headline: Taiwan Covid-19 vaccine shortage: Foxconn??s Terry Gou and Buddhist group offer jabs.</a><br><a href = \"https://www.scmp.com/news/china/science/article/3135652/china-reports-worlds-first-possible-human-case-h10n3-bird-flu\" target=\"_black\">Headline: China reports world??s first possible human case of H10N3 bird flu.</a><br><a href = \"https://www.scmp.com/news/world/europe/article/3135548/coronavirus-who-switches-greek-alphabet-variant-names-avoid\" target=\"_black\">Headline: Coronavirus: WHO switches to Greek alphabet for variant names to avoid stigma.</a><br><a href = \"https://www.scmp.com/sport/other-sport/article/3135584/tokyo-2020-japan-plans-allow-some-spectators-olympics-tv-asahi\" target=\"_black\">Headline: Tokyo 2020: Japan plans to allow some spectators at Olympics, TV Asahi says.</a><br><a href = \"https://www.scmp.com/economy/china-economy/article/3135510/chinas-one-child-policy-what-was-it-and-what-impact-did-it\" target=\"_black\">Headline: China??s one-child policy: what was it and what impact did it have?.</a>", "hotscore_time": "2021-06-03", "hotscore": 61.39139725022936, "keywords_cloud": [["jun", 0.21832947367086541], ["published", 0.5973061926154525]]}]