[{
    "topic": "Myanmar junta moves civilian leader Aung San Suu Kyi, ex-president Win Myint to 'unknown location', SE Asia News & Top Stories.",
    "detail": "Related news:<br><a href = \"https://www.channelnewsasia.com/news/asia/china-xi-jinping-calls-for-greater-global-media-reach-14930334\" target=\"_black\">Headline: China's Xi calls for greater global media reach.</a><br>",
    "hotscore_time": "2021-06-03",
    "hotscore": 1200,
    "keywords_cloud": [
        [
            "agency xinhua reported",
            0.005722062971364451
        ],
        [
            "official news agency",
            0.02318421860740748
        ],
        [
            "president xi jinping",
            0.02576396361871182
        ],
        [
            "xinhua reported",
            0.03427944619977488
        ],
        [
            "agency xinhua",
            0.03813979472998685
        ],
        [
            "international voice",
            0.0387790128140253
        ],
        [
            "seeks to develop",
            0.04064464147480203
        ],
        [
            "china president",
            0.04866711324786716
        ],
        [
            "china",
            0.4345018899847768
        ],
        [
            "communist party study",
            0.053419836224333266
        ],
        [
            "hong kong",
            0.14040394368317433
        ],
        [
            "tablet worth",
            1.0144401787556707
        ],
        [
            "daily and stand",
            0.8281134335554794
        ],
        [
            "hong",
            0.17961581679951355
        ],
        [
            "bail",
            0.04804612494047907
        ],
        [
            "kong",
            0.19926988564901332
        ],
        [
            "law",
            0.22393169865991996
        ],
        [
            "court",
            0.13953284905296243
        ],
        [
            "judge",
            0.1366496541422153
        ],
        [
            "security law",
            0.11421627741353463
        ],
        [
            "audio house",
            0.02355641327342481
        ],
        [
            "house",
            0.06743398094760555
        ],
        [
            "audio",
            0.07018773209615463
        ],
        [
            "audio house told",
            0.078929501863888
        ],
        [
            "retailer audio house",
            0.10307042989224327
        ],
        [
            "information",
            0.2904795108773029
        ],
        [
            "customers",
            0.11000410473262487
        ],
        [
            "retailer",
            0.11293684995998472
        ],
        [
            "altdos",
            0.11769875963178784
        ],
        [
            "hong kong democracy",
            0.030652571130343455
        ],
        [
            "financial hub",
            0.08231480418062613
        ],
        [
            "made a solo",
            0.08788820359636207
        ],
        [
            "vivid illustration",
            0.08788820359636207
        ],
        [
            "tolerance now wielded",
            0.08788820359636207
        ],
        [
            "kong democracy movement",
            0.08996337577408224
        ],
        [
            "hong kong police",
            0.09288401666797999
        ],
        [
            "radically diverging wings",
            0.00937097498498648
        ],
        [
            "netanyahu",
            0.3034358785169295
        ],
        [
            "minister benjamin netanyahu",
            0.24756208820393172
        ],
        [
            "radically diverging",
            0.04299290339983172
        ],
        [
            "diverging wings",
            0.04299290339983172
        ],
        [
            "opposing the polarizing",
            0.04299290339983172
        ],
        [
            "israeli",
            0.04414864849302669
        ],
        [
            "prime minister benjamin",
            0.08796642969229866
        ],
        [
            "bennett",
            0.2759991779686362
        ],
        [
            "lapid",
            0.26277167014080616
        ],
        [
            "zainlai",
            0.09222828418616805
        ],
        [
            "win st rewards",
            1.5772837425930208
        ],
        [
            "stand to win",
            1.4418519684824547
        ],
        [
            "van",
            0.17315565180639483
        ],
        [
            "driving",
            0.23435984600306012
        ],
        [
            "victim",
            0.18304252927886205
        ],
        [
            "shows zainlai driving",
            0.18633994694226
        ],
        [
            "articles daily",
            0.7957497244434443
        ],
        [
            "cambodia",
            0.030795720594378972
        ],
        [
            "state department",
            0.03305753421876185
        ],
        [
            "phnom penh",
            0.04119639398378561
        ],
        [
            "united states",
            0.0913435875987071
        ],
        [
            "state",
            0.08152983640656442
        ],
        [
            "visit cambodia",
            0.08410760348506563
        ],
        [
            "ream naval base",
            0.08813764744728782
        ],
        [
            "department",
            0.09491878990050362
        ],
        [
            "ream",
            0.09868505740694364
        ],
        [
            "zones",
            0.051299838442820885
        ],
        [
            "silver zones",
            0.05924680626637415
        ],
        [
            "school zones",
            0.07060063504962873
        ],
        [
            "demerit points",
            0.2008402008804531
        ],
        [
            "additional demerit points",
            0.2263760371228597
        ],
        [
            "elderly",
            0.13456254171506568
        ],
        [
            "silver",
            0.1397109021870101
        ],
        [
            "points",
            0.14252084714769406
        ],
        [
            "sexual abuse",
            0.07504557213801509
        ],
        [
            "abuse",
            0.015605759911646455
        ],
        [
            "child sexual abuse",
            0.016227057772465556
        ],
        [
            "sexual",
            0.025059080027583634
        ],
        [
            "church",
            0.07869045981826696
        ],
        [
            "child sexual",
            0.04900801997243437
        ],
        [
            "explicitly criminalise sexual",
            0.05567860602527149
        ],
        [
            "child",
            0.060893575352173816
        ],
        [
            "catholic church",
            0.09009671463467116
        ],
        [
            "unofficial primary election",
            0.0026003609827769908
        ],
        [
            "unofficial primary",
            0.013038997221879442
        ],
        [
            "primary election",
            0.022225132665659036
        ],
        [
            "organising an unofficial",
            0.0450060862728311
        ],
        [
            "kong democracy activists",
            0.04533691617441374
        ],
        [
            "national security law",
            0.07909552325326281
        ],
        [
            "pro-democracy activists charged",
            0.0626776163492648
        ],
        [
            "afpdozens of leading",
            0.07437074619186876
        ],
        [
            "voice party chief",
            0.0232034281146518
        ],
        [
            "archbishop",
            0.024292486730454747
        ],
        [
            "video",
            0.024807320441879374
        ],
        [
            "chief lim tean",
            0.025522270513195833
        ],
        [
            "archbishop william goh",
            0.026476550393271625
        ],
        [
            "homily",
            0.030781306574583462
        ],
        [
            "roman catholic archbishop",
            0.038857204941723116
        ],
        [
            "leader",
            0.04221301663351824
        ],
        [
            "party chief lim",
            0.04234742810843222
        ],
        [
            "face higher fines",
            0.044486058303281124
        ],
        [
            "commit traffic offences",
            0.10643469001875173
        ],
        [
            "face higher",
            0.11898431504613165
        ],
        [
            "pedestrian",
            0.1376626261819459
        ],
        [
            "traffic",
            0.1576911778894779
        ],
        [
            "higher fines",
            0.16801038507902144
        ],
        [
            "offences",
            0.17125630345331846
        ],
        [
            "additional",
            0.17125630345331846
        ],
        [
            "west midlands police",
            0.09551651613008004
        ],
        [
            "midlands police",
            0.053827042008787004
        ],
        [
            "west midlands",
            0.05231210779265211
        ],
        [
            "independent premium section",
            0.07124126205824478
        ],
        [
            "police",
            1.3536668297892187
        ],
        [
            "midlands",
            0.16410726132340586
        ],
        [
            "boy",
            0.1311173156897168
        ],
        [
            "independent premium",
            0.1329633543707498
        ],
        [
            "leave no stone",
            0.13472137530687261
        ],
        [
            "independent",
            0.1467118814392011
        ],
        [
            "nationalist hardliner naftali",
            0.0442575263063717
        ],
        [
            "hardliner naftali bennett",
            0.07637851398740148
        ],
        [
            "apotential coalition governmentthat",
            0.08780446769409093
        ],
        [
            "israeli nationalist hardliner",
            0.1046114365290434
        ],
        [
            "party",
            0.13555847420654718
        ],
        [
            "israel",
            0.23443104895574493
        ],
        [
            "coalition",
            0.15976601642659877
        ],
        [
            "catholic church law",
            0.008330192528157268
        ],
        [
            "church law",
            0.021485863391754286
        ],
        [
            "extensive revision",
            0.029003865431415084
        ],
        [
            "tuesday issued",
            0.02909437435287825
        ],
        [
            "code",
            0.04584412751137056
        ],
        [
            "pope francis",
            0.047741109747811344
        ],
        [
            "prime minister",
            0.32731865234357727
        ],
        [
            "minister",
            0.07026354913025465
        ],
        [
            "punishing sexual abuse",
            0.013377756055789706
        ],
        [
            "pope francis updated",
            0.025770824664982723
        ],
        [
            "adding directives",
            0.02947063225516193
        ],
        [
            "directives on punishing",
            0.03106464412013725
        ],
        [
            "long been sought",
            0.03106464412013725
        ],
        [
            "sexual abuse scandals",
            0.034385375950054864
        ],
        [
            "sexual abuse crimes",
            0.04148224808378796
        ],
        [
            "punishing sexual",
            0.04543442335356402
        ],
        [
            "involving catholic priests",
            0.049313208723996464
        ],
        [
            "prayut government",
            0.006238969900849224
        ],
        [
            "government",
            0.014566860606098405
        ],
        [
            "sinovac",
            0.01648596422079913
        ],
        [
            "prayut",
            0.01693893563985392
        ],
        [
            "vaccine",
            0.037002848115781695
        ],
        [
            "thailand",
            0.047452602528631385
        ],
        [
            "sinovac vaccine doses",
            0.05776934016241591
        ],
        [
            "aggravating sinovac hesitancy",
            0.061379362850527024
        ],
        [
            "prayut government reliance",
            0.07160729717482582
        ],
        [
            "anti-junta militias raged",
            0.03568921501372437
        ],
        [
            "ousted an elected",
            0.06501992882567352
        ],
        [
            "myanmar",
            0.4087634917685226
        ],
        [
            "military ousted",
            0.12719643600207983
        ],
        [
            "security forces",
            0.28154082574291694
        ],
        [
            "raged in border",
            0.16033482778691804
        ],
        [
            "military",
            0.42766304892819945
        ],
        [
            "anti-junta militias",
            0.1823867571267743
        ],
        [
            "militias raged",
            0.1823867571267743
        ],
        [
            "elected government",
            0.1823867571267743
        ],
        [
            "west bank",
            0.14611716293802274
        ],
        [
            "whatsapp chat group",
            0.029007347365803106
        ],
        [
            "chat group",
            0.054918628131139104
        ],
        [
            "whatsapp chat",
            0.07521415852873947
        ],
        [
            "wrongful communication",
            0.09529039169910827
        ],
        [
            "physical activitiesto",
            0.11491476929340476
        ],
        [
            "chat",
            0.12179514290048409
        ],
        [
            "classified information",
            0.1271477693028948
        ],
        [
            "allegedly leaked information",
            0.12757830000865683
        ],
        [
            "sport",
            0.1286746637273587
        ],
        [
            "safe management measures",
            0.31597980988328545
        ],
        [
            "public servant",
            0.40170714663078105
        ],
        [
            "children and youth",
            0.4138121244079894
        ],
        [
            "people defence force",
            0.03343610296882239
        ],
        [
            "defence force",
            0.044312891144107774
        ],
        [
            "country east",
            0.03727214425731979
        ],
        [
            "witnesses and rebels",
            0.03727214425731979
        ],
        [
            "people defence",
            0.10484482327390744
        ],
        [
            "myanmar military",
            0.06867975394067516
        ],
        [
            "force",
            0.0702818956363331
        ],
        [
            "defence",
            0.07109366694656961
        ],
        [
            "group shortly",
            0.03046087665623653
        ],
        [
            "racially motivated attack",
            0.05221224018345751
        ],
        [
            "fatally stabbed",
            0.059995487802965985
        ],
        [
            "rapid progress",
            0.08510451393234827
        ],
        [
            "motivated attack",
            0.09009885151022536
        ],
        [
            "making rapid progress",
            0.0927784524400158
        ],
        [
            "road",
            0.10286542624187484
        ],
        [
            "attack",
            0.11670761678758695
        ],
        [
            "men",
            0.0997610630769566
        ],
        [
            "police officer",
            0.23539885035603117
        ],
        [
            "tennis court area",
            0.11380429791415451
        ],
        [
            "teenager",
            0.12043766767554237
        ],
        [
            "stabbed",
            0.14269917115256311
        ],
        [
            "london",
            0.14371090856561053
        ],
        [
            "tennis courts",
            0.14498007451538972
        ],
        [
            "scene",
            0.14670586220711532
        ],
        [
            "officer",
            0.23943364924694144
        ],
        [
            "instagram account",
            0.11511347146950818
        ],
        [
            "account",
            0.11313168891217983
        ],
        [
            "account durian",
            0.03930598168161108
        ],
        [
            "instagram account durian",
            0.045980435293900855
        ],
        [
            "instagram",
            0.1457926511631765
        ],
        [
            "dot instagram account",
            0.051252387518501925
        ],
        [
            "post",
            0.3378893911855284
        ],
        [
            "instagram account created",
            0.06608853415935971
        ],
        [
            "durian",
            0.06961341387027442
        ],
        [
            "dot",
            0.0761382041466285
        ],
        [
            "email updates straight",
            0.005170818589964305
        ],
        [
            "plan increased patrols",
            0.008077534138605113
        ],
        [
            "increased patrols",
            0.020192316469761485
        ],
        [
            "police plan increased",
            0.02817472409566591
        ],
        [
            "arealatest news email",
            0.0292050420532176
        ],
        [
            "email updates",
            0.0292050420532176
        ],
        [
            "updates straight",
            0.0292050420532176
        ],
        [
            "college road",
            0.03675358411264249
        ],
        [
            "step up patrols",
            0.048409708051169745
        ],
        [
            "murder investigation",
            0.05529116028746377
        ],
        [
            "climate change",
            0.02114257347946287
        ],
        [
            "natural disaster",
            0.02114257347946287
        ],
        [
            "seeds are stored",
            0.029106048097434143
        ],
        [
            "stored for safekeeping",
            0.029106048097434143
        ],
        [
            "safekeeping against climate",
            0.029106048097434143
        ],
        [
            "disaster and war",
            0.029106048097434143
        ],
        [
            "war get breaking",
            0.029106048097434143
        ],
        [
            "breaking news alerts",
            0.029106048097434143
        ],
        [
            "alerts from gulf",
            0.029106048097434143
        ],
        [
            "send you latest",
            0.029106048097434143
        ],
        [
            "midlands police seeking",
            0.018152962681180947
        ],
        [
            "west",
            0.036835081114522446
        ],
        [
            "modified on tue",
            0.03929461845158343
        ],
        [
            "bstpolice are searching",
            0.03929461845158343
        ],
        [
            "mondaylast modified",
            0.04104284633504765
        ],
        [
            "people defence forces",
            0.01513608400761166
        ],
        [
            "grassroots people defence",
            0.018300984535307492
        ],
        [
            "people",
            0.1743694768196182
        ],
        [
            "defence forces",
            0.023543705854512178
        ],
        [
            "karenni people defence",
            0.03044634701548623
        ],
        [
            "brutal militarylast modified",
            0.0369045044314524
        ],
        [
            "country parallel government",
            0.041954789666916535
        ],
        [
            "military seized power",
            0.023123193194286205
        ],
        [
            "teachers",
            0.034890370442176376
        ],
        [
            "seized power",
            0.04092340994702528
        ],
        [
            "show of resistance",
            0.04092340994702528
        ],
        [
            "set to defy",
            0.04269124096498419
        ],
        [
            "calls for full",
            0.04269124096498419
        ],
        [
            "full classrooms",
            0.04269124096498419
        ],
        [
            "teacher",
            0.046520493922901834
        ],
        [
            "school",
            0.15041018198623524
        ],
        [
            "students",
            0.07254119381518957
        ],
        [
            "western border militarily",
            0.013728204623776831
        ],
        [
            "border militarily",
            0.02584269621890306
        ],
        [
            "countries next month",
            0.02781438738591821
        ],
        [
            "month and announced",
            0.02781438738591821
        ],
        [
            "russia",
            0.06017440253210788
        ],
        [
            "press russian president",
            0.07229888126062614
        ],
        [
            "russian president vladimir",
            0.07229888126062614
        ],
        [
            "president vladimir putin",
            0.07229888126062614
        ],
        [
            "president joe biden",
            0.09445769585473358
        ],
        [
            "western border",
            0.08257782932167318
        ],
        [
            "tuesday challenged",
            0.034037436394781136
        ],
        [
            "challenged the legality",
            0.034037436394781136
        ],
        [
            "benjamin netanyahu party",
            0.03496870386342883
        ],
        [
            "president reuven rivlin",
            0.035339337933229076
        ],
        [
            "benjamin netanyahu",
            0.06029959583393042
        ],
        [
            "suu kyi",
            0.01825149476178761
        ],
        [
            "san suu kyi",
            0.0223842002129669
        ],
        [
            "president win myint",
            0.027559304801997506
        ],
        [
            "aung san suu",
            0.03212215975800151
        ],
        [
            "win myint",
            0.03451746689820568
        ],
        [
            "win",
            0.1549659834309785
        ],
        [
            "suu kyi national",
            0.05034259069290174
        ],
        [
            "suu",
            0.05301369376855782
        ],
        [
            "submit a story",
            0.07981857700609776
        ],
        [
            "story or submit",
            0.07981857700609776
        ],
        [
            "submit",
            0.07800521058366286
        ],
        [
            "whatsapp",
            0.13388495286895918
        ],
        [
            "click",
            0.09341771294585854
        ],
        [
            "story",
            0.10520220859355314
        ],
        [
            "man was found",
            0.12129984606930283
        ],
        [
            "stomp",
            0.19884206859591225
        ],
        [
            "view the discussion",
            0.1702110454050409
        ],
        [
            "smrt feedback",
            0.013074906647178851
        ],
        [
            "police report",
            0.017187782483562185
        ],
        [
            "lawyer syazana yahya",
            0.02277924400192992
        ],
        [
            "feedback",
            0.03775253511002207
        ],
        [
            "syazana",
            0.03888366725750919
        ],
        [
            "smrt",
            0.03919202869017565
        ],
        [
            "singaporean",
            0.04129393577135852
        ],
        [
            "report",
            0.04654793452589388
        ],
        [
            "page smrt feedback",
            0.04947401004971653
        ],
        [
            "wear a mask",
            0.11702261611048917
        ],
        [
            "mask",
            0.2416798390166217
        ],
        [
            "stomper anonymousclick",
            0.08868847717669755
        ],
        [
            "singapore",
            0.48959132886158485
        ],
        [
            "man",
            0.44368485598198065
        ],
        [
            "son",
            0.10882493455573124
        ],
        [
            "jimmy lai",
            0.06530050262372718
        ],
        [
            "sentenced jimmy lai",
            0.06430818984542443
        ],
        [
            "hong kong arrested",
            0.1438941666688388
        ],
        [
            "woodcock sentenced jimmy",
            0.08727194959007994
        ],
        [
            "judge sentenced lai",
            0.08774161480335206
        ],
        [
            "lai",
            0.13989008625691093
        ],
        [
            "tycoon jimmy lai",
            0.05820745689295706
        ],
        [
            "biden",
            0.0260295603608635
        ],
        [
            "hong kong department",
            0.028369128125712816
        ],
        [
            "candidates",
            0.03150033091856639
        ],
        [
            "hong kong returned",
            0.03212433423018877
        ],
        [
            "bedok reservoir ended",
            0.008271974452649492
        ],
        [
            "morning walk",
            0.03965298083611888
        ],
        [
            "bedok reservoir",
            0.03965298083611888
        ],
        [
            "reservoir ended",
            0.03965298083611888
        ],
        [
            "sour note",
            0.03965298083611888
        ],
        [
            "indian",
            0.06112107227381952
        ],
        [
            "elderly man",
            0.08703168378453692
        ],
        [
            "zealand",
            0.047281699023300074
        ],
        [
            "south china sea",
            0.01983103389983036
        ],
        [
            "australia",
            0.11395955839971164
        ],
        [
            "china sea",
            0.029545967496826097
        ],
        [
            "south china",
            0.030698172357633613
        ],
        [
            "morrison",
            0.12399708822259561
        ],
        [
            "ardern",
            0.03667522824528725
        ],
        [
            "bstthe australian prime",
            0.05265280790346042
        ],
        [
            "zealand prime ministers",
            0.05348188630947958
        ],
        [
            "media tycoon jimmy",
            0.013904807101600136
        ],
        [
            "sentenced media tycoon",
            0.024492564470579715
        ],
        [
            "assembly on oct",
            0.040567802021736536
        ],
        [
            "oversees matters",
            0.04519495506829769
        ],
        [
            "media tycoon",
            0.04519495506829769
        ],
        [
            "largest trading partner",
            0.005501707003777875
        ],
        [
            "prime minister jacinda",
            0.005908879669961186
        ],
        [
            "ardern denying wellington",
            0.007829999987533436
        ],
        [
            "jacinda ardern denying",
            0.01224122939187241
        ],
        [
            "minister jacinda ardern",
            0.012241229391872412
        ],
        [
            "denying wellington",
            0.020716843570007436
        ],
        [
            "trading partner",
            0.0297109890183739
        ],
        [
            "minister jacinda",
            0.03186073612286843
        ],
        [
            "avoid offending",
            0.03186073612286843
        ],
        [
            "annexation",
            0.1190791712634583
        ],
        [
            "girl",
            0.08900199509201835
        ],
        [
            "jean iauthe straits",
            0.03113720867994906
        ],
        [
            "iauthe straits timesmay",
            0.03113720867994906
        ],
        [
            "soh",
            0.10201309986706528
        ],
        [
            "jean iauthe",
            0.045184592794560705
        ],
        [
            "woman admitted",
            0.09629755184729318
        ],
        [
            "mother",
            0.16428545718571114
        ],
        [
            "train",
            0.19858765269264933
        ],
        [
            "mrt train",
            0.2812709721301921
        ],
        [
            "admitted on friday",
            0.16955841410731703
        ],
        [
            "foreign workers",
            0.016726518591763308
        ],
        [
            "workers",
            0.03290181530595884
        ],
        [
            "goodyear",
            0.03354439128464273
        ],
        [
            "foreign workers filed",
            0.044775718601000006
        ],
        [
            "foreign",
            0.05020077005763682
        ],
        [
            "wrongful salary deductions",
            0.026190592085919707
        ],
        [
            "goodyear malaysia",
            0.0868022181891987
        ],
        [
            "malaysia",
            0.03890068821632788
        ],
        [
            "made wrongful salary",
            0.042468125456524536
        ],
        [
            "nadine chuathe",
            0.033148763812062436
        ],
        [
            "chuathe new papermay",
            0.033148763812062436
        ],
        [
            "circuit road",
            0.033148763812062436
        ],
        [
            "saturday morning",
            0.033148763812062436
        ],
        [
            "hours after locking",
            0.034984400726332895
        ],
        [
            "road on saturday",
            0.034984400726332895
        ],
        [
            "woman",
            0.08877457451948387
        ],
        [
            "scdf officers",
            0.0638211141454118
        ],
        [
            "scdf",
            0.07201308364496135
        ],
        [
            "sota",
            0.06238879991964689
        ],
        [
            "allegations",
            0.0928384617398511
        ],
        [
            "manufacturer goodyear tire",
            0.02287982980480176
        ],
        [
            "american tyre manufacturer",
            0.05163690459127359
        ],
        [
            "malaysia labour department",
            0.05965583410217897
        ],
        [
            "growing friction",
            0.030667571869532728
        ],
        [
            "reopen borders",
            0.0543340038044551
        ],
        [
            "close their borders",
            0.09115954910810467
        ],
        [
            "topics discussed",
            0.09430205989343922
        ],
        [
            "borders",
            0.09640452842680437
        ],
        [
            "minister scott morrison",
            0.10675673600478312
        ],
        [
            "stomp app contribution",
            0.011342723096195004
        ],
        [
            "app contribution",
            0.024227155491391334
        ],
        [
            "stomper simonthis story",
            0.026976235642148613
        ],
        [
            "stomp app",
            0.03508289293864344
        ],
        [
            "story was submitted",
            0.04188083130078579
        ],
        [
            "simonthis story",
            0.04844382985501744
        ],
        [
            "submitted",
            0.06443917369880321
        ],
        [
            "app",
            0.12649310753935494
        ],
        [
            "stomper simonthis",
            0.09661747120147343
        ],
        [
            "asean",
            0.036303265416594746
        ],
        [
            "resolution",
            0.05045974021391086
        ],
        [
            "countries",
            0.09319222213971999
        ],
        [
            "including",
            0.2357102093681715
        ],
        [
            "car rental",
            0.021075722537028815
        ],
        [
            "car rental scams",
            0.02782697389482479
        ],
        [
            "car rental advertisement",
            0.029518950349253652
        ],
        [
            "suspected involvement",
            0.03149896724087174
        ],
        [
            "car rental services",
            0.043110865938310365
        ],
        [
            "car",
            0.05727080309773788
        ],
        [
            "rental",
            0.06489696787754184
        ],
        [
            "rental scams",
            0.10790623152740628
        ],
        [
            "scam",
            0.14561701278631253
        ],
        [
            "scams",
            0.05537546817211457
        ],
        [
            "scam calls",
            0.07699517169320699
        ],
        [
            "numbers",
            0.07923908128727598
        ],
        [
            "calls",
            0.08032535379032159
        ],
        [
            "downloaded",
            0.0841889761863371
        ],
        [
            "scams reported",
            0.10282170072459307
        ],
        [
            "singapore a woman",
            0.048423881553771135
        ],
        [
            "girl mother",
            0.26655743652310115
        ],
        [
            "time",
            0.13902795524924078
        ],
        [
            "singapore police force",
            0.03363090803900434
        ],
        [
            "singapore police",
            0.10302631201560676
        ],
        [
            "spf",
            0.07226125050787448
        ],
        [
            "drug-related offences",
            0.07504802734724936
        ],
        [
            "police force",
            0.08219217575399436
        ],
        [
            "attempting to escape",
            0.0972067543107394
        ],
        [
            "loanshark harassment",
            0.11632229783095228
        ],
        [
            "hari raya decorations",
            0.024217320784252608
        ],
        [
            "radin mas",
            0.02814721573105551
        ],
        [
            "hari raya",
            0.0293507291558369
        ],
        [
            "standee",
            0.045514023912584745
        ],
        [
            "wedding photograph",
            0.048003544209787655
        ],
        [
            "raya decorations",
            0.061107007503383694
        ],
        [
            "mas",
            0.0676337149061514
        ],
        [
            "decorations",
            0.06864132545015575
        ],
        [
            "photograph",
            0.07074350106317648
        ],
        [
            "sarah",
            0.07259374749332001
        ],
        [
            "underground government set",
            0.009010124054101605
        ],
        [
            "myanmar military junta",
            0.030423417114169512
        ],
        [
            "government defence minister",
            0.03341518572761723
        ],
        [
            "national unity government",
            0.034185594883440626
        ],
        [
            "shadow government defence",
            0.0343708339511004
        ],
        [
            "batch of recruits",
            0.03515798053270249
        ],
        [
            "recruits have finished",
            0.03515798053270249
        ],
        [
            "student posed topless",
            0.01250066445849214
        ],
        [
            "student",
            0.022076614805419552
        ],
        [
            "scammers",
            0.04261326411571919
        ],
        [
            "posed topless",
            0.04710099048584551
        ],
        [
            "student posed",
            0.05520236725918843
        ],
        [
            "blindfolded and gagged",
            0.06169339296596759
        ],
        [
            "violent military-led crackdown",
            0.004239596738604856
        ],
        [
            "military-led crackdown continues",
            0.004239596738604856
        ],
        [
            "additional six months",
            0.025650772233622412
        ],
        [
            "violent military-led",
            0.025650772233622412
        ],
        [
            "military-led crackdown",
            0.025650772233622412
        ],
        [
            "crackdown continues",
            0.025650772233622412
        ],
        [
            "emergency measure",
            0.03633290277109019
        ],
        [
            "southeast asian country",
            0.07757719845897838
        ],
        [
            "myanmar nationals living",
            0.08140940091605585
        ],
        [
            "loan",
            0.045404555841171194
        ],
        [
            "text messages",
            0.0994223625288991
        ],
        [
            "text message scam",
            0.10102615458536271
        ],
        [
            "text",
            0.10226139638299174
        ],
        [
            "shoot metal bolts",
            0.006543917358665513
        ],
        [
            "metal bolts",
            0.01945047819082207
        ],
        [
            "bolts and nuts",
            0.01945047819082207
        ],
        [
            "homemade sling",
            0.026107329785717594
        ],
        [
            "sling to shoot",
            0.026107329785717594
        ],
        [
            "serangoon central",
            0.030144825078502156
        ],
        [
            "shoot metal",
            0.0333154804598285
        ],
        [
            "kio police division",
            0.061869163517656874
        ],
        [
            "police division established",
            0.061869163517656874
        ],
        [
            "forces",
            0.0944913076134685
        ],
        [
            "arson attacks",
            0.17246251270721774
        ],
        [
            "myanmar military tribunal",
            0.13519492359075913
        ],
        [
            "poll",
            0.12768610457789456
        ],
        [
            "women",
            0.1971745267815658
        ],
        [
            "social media platforms",
            0.07852433020277219
        ],
        [
            "social media",
            0.10761451220932762
        ],
        [
            "media platforms",
            0.1473329741565486
        ],
        [
            "media",
            0.16719125296162277
        ],
        [
            "asatizah",
            0.2418154841048732
        ],
        [
            "featuring bloc confrontation",
            0.012155293807899177
        ],
        [
            "military today criticised",
            0.014347525343480114
        ],
        [
            "china military today",
            0.01988697864321444
        ],
        [
            "cold war",
            0.05115294330183228
        ],
        [
            "featuring bloc",
            0.05115294330183228
        ],
        [
            "bloc confrontation",
            0.05134466383123237
        ],
        [
            "indo-pacific strategy",
            0.06791829333715121
        ],
        [
            "senior colonel tan",
            0.03911197200164666
        ],
        [
            "today criticised",
            0.04286182208469253
        ],
        [
            "joe biden policy",
            0.017714126181148947
        ],
        [
            "biden policy coordinator",
            0.017714126181148947
        ],
        [
            "india and japan",
            0.027828958682133708
        ],
        [
            "president joe",
            0.027828958682133708
        ],
        [
            "policy coordinator",
            0.03161265414163782
        ],
        [
            "countries australia",
            0.0428917763568751
        ],
        [
            "convene an in-person",
            0.04691329346997614
        ],
        [
            "focus on infrastructure",
            0.05489434611242891
        ],
        [
            "sam",
            0.015338338752905772
        ],
        [
            "call",
            0.06418939391326195
        ],
        [
            "strange twist",
            0.06927759776770111
        ],
        [
            "twist of events",
            0.06927759776770111
        ],
        [
            "told",
            0.0703033905403569
        ],
        [
            "told sam",
            0.07431687093136287
        ],
        [
            "sam father",
            0.07600354344835393
        ],
        [
            "tribunal has sentenced",
            0.030284480931002833
        ],
        [
            "years in jail",
            0.030284480931002833
        ],
        [
            "jail with hard",
            0.0323019749291854
        ],
        [
            "hard labour",
            0.0323019749291854
        ],
        [
            "yangon",
            0.05832247206172847
        ],
        [
            "chinese-financed factories",
            0.06416920531029259
        ],
        [
            "thursday criticised",
            0.03546737459741423
        ],
        [
            "strategy",
            0.03933181758689258
        ],
        [
            "chinese",
            0.06056257774004165
        ],
        [
            "wasaccused of assaulting",
            0.023866510679724954
        ],
        [
            "assaulting two boutique",
            0.023866510679724954
        ],
        [
            "boutique employeesin",
            0.023866510679724954
        ],
        [
            "employeesin an incident",
            0.023866510679724954
        ],
        [
            "end ambassador lescouhier",
            0.026461926274154057
        ],
        [
            "envoy wife wasaccused",
            0.028921648044407507
        ],
        [
            "wilmes ordered ambassador",
            0.03368393411910112
        ],
        [
            "foreign minister sophie",
            0.034477054283294443
        ],
        [
            "minister sophie wilmes",
            0.035438650890026874
        ],
        [
            "ambassador peter lescouhier",
            0.03581889233530361
        ],
        [
            "police officers",
            0.07175751480606693
        ],
        [
            "police officers advised",
            0.05931826349370379
        ],
        [
            "failing to comply",
            0.06461431137973296
        ],
        [
            "station insp lim",
            0.003427817891336319
        ],
        [
            "insp lim",
            0.010897519424032897
        ],
        [
            "station insp",
            0.011785534274579273
        ],
        [
            "elderly woman",
            0.020190094477847073
        ],
        [
            "lim",
            0.03854234207280545
        ],
        [
            "station",
            0.041471821274835466
        ],
        [
            "insp",
            0.03937054611658571
        ],
        [
            "officers",
            0.05490959289104176
        ],
        [
            "city pro-democracy rallies",
            0.028066059873229573
        ],
        [
            "pro-democracy rallies",
            0.04147212557723332
        ],
        [
            "unauthorised assembly",
            0.04205197566338283
        ],
        [
            "jailed hong kong",
            0.05836812254723489
        ],
        [
            "sentence",
            0.06711524025109086
        ],
        [
            "critic jimmy lai",
            0.0708956754176057
        ],
        [
            "prison",
            0.08324140599341637
        ],
        [
            "baby",
            0.026266848308127973
        ],
        [
            "care",
            0.029955684076386224
        ],
        [
            "husband",
            0.030439157932544137
        ],
        [
            "found",
            0.03218231633923958
        ],
        [
            "deceased woman",
            0.03264647406829984
        ],
        [
            "postpartum depression",
            0.03804030642747237
        ],
        [
            "woman husband",
            0.039520969882306745
        ],
        [
            "woman death",
            0.047693988514727066
        ],
        [
            "deceased",
            0.05096772232213611
        ],
        [
            "singapore leaders condemned",
            0.02464952234242002
        ],
        [
            "religious teachers",
            0.1603497474433379
        ],
        [
            "religious",
            0.05910414575235007
        ],
        [
            "female religious teacher",
            0.05635650386473015
        ],
        [
            "female religious",
            0.06675422424441718
        ],
        [
            "poll sexualising female",
            0.05700938889033024
        ],
        [
            "female religious leaders",
            0.03787159319279014
        ],
        [
            "religious leaders",
            0.03846295234085986
        ],
        [
            "ministry",
            0.07533364287076864
        ],
        [
            "belgium foreign ministry",
            0.07809987368355678
        ],
        [
            "read",
            0.1053345160395961
        ],
        [
            "wife",
            0.12268628984550524
        ],
        [
            "islamic religious teachers",
            0.07273202625316319
        ],
        [
            "female asatizah",
            0.08349512380954427
        ],
        [
            "held accountable",
            0.08732295957319086
        ],
        [
            "embed",
            0.29853238563090817
        ],
        [
            "lee",
            0.05381762135738234
        ],
        [
            "causing grievous hurt",
            0.09113796089692727
        ],
        [
            "high court",
            0.05759605078166952
        ],
        [
            "traffic police officer",
            0.05833543391424934
        ],
        [
            "causing",
            0.07551732927809579
        ],
        [
            "causing grievous",
            0.15445131410885696
        ],
        [
            "hurt",
            0.08606500484973856
        ],
        [
            "driving ban",
            0.08645016707438771
        ],
        [
            "campbell",
            0.028524806189212337
        ],
        [
            "chinese president",
            0.06719780480817479
        ],
        [
            "chinese diplomats",
            0.07664812430219974
        ],
        [
            "policy",
            0.0922513702978383
        ],
        [
            "economic",
            0.09734521237374598
        ],
        [
            "officials",
            0.10027270356479712
        ],
        [
            "sim",
            0.024422166160139033
        ],
        [
            "man beat",
            0.04739196699753349
        ],
        [
            "walking stick",
            0.05395091881786407
        ],
        [
            "lights",
            0.07225521258686377
        ],
        [
            "dispute over turning",
            0.07753110783398849
        ],
        [
            "sim turned",
            0.09721690175568318
        ],
        [
            "walking",
            0.1032094606186835
        ],
        [
            "stick",
            0.10748698812850423
        ],
        [
            "roommate",
            0.1133540206048244
        ],
        [
            "home",
            0.11572453324223077
        ],
        [
            "president halimah yacob",
            0.00845039190741504
        ],
        [
            "singapore president halimah",
            0.011048757066816064
        ],
        [
            "president halimah",
            0.03111215824476177
        ],
        [
            "halimah yacob",
            0.0316013861376088
        ],
        [
            "sulaiman",
            0.03893622824898579
        ],
        [
            "auxiliary police officer",
            0.07760463277660086
        ],
        [
            "offences including",
            0.08755811426056452
        ],
        [
            "oct",
            0.09162246678491277
        ],
        [
            "offences including theft",
            0.1029910289834344
        ],
        [
            "home affairs",
            0.042380517289808545
        ],
        [
            "correction",
            0.0925955861748439
        ],
        [
            "correction direction",
            0.09562673468820694
        ],
        [
            "toc",
            0.10347678415709971
        ],
        [
            "tay",
            0.07667211272939278
        ],
        [
            "topless stranger",
            0.1351346234101894
        ],
        [
            "nightmare",
            0.15667554239844342
        ],
        [
            "waking",
            0.15667554239844342
        ],
        [
            "room",
            0.15667554239844342
        ],
        [
            "stranger",
            0.1586154968498735
        ],
        [
            "braddell view resident",
            0.1693647227305915
        ],
        [
            "sight",
            0.17578221727957993
        ],
        [
            "escape bid",
            0.03755940373093867
        ],
        [
            "man who wasbanned",
            0.03897339783866666
        ],
        [
            "jailfor dragging",
            0.03897339783866666
        ],
        [
            "lawyers",
            0.07628321453748642
        ],
        [
            "media mogul jimmy",
            0.0037820622968774585
        ],
        [
            "mogul jimmy lai",
            0.005760091477048486
        ],
        [
            "kong media tycoon",
            0.009749833725933703
        ],
        [
            "pro-democracy media mogul",
            0.013848017908963292
        ],
        [
            "hong kong media",
            0.015322806823595133
        ],
        [
            "infocomm media development",
            0.011217872434709697
        ],
        [
            "anonline poll sexualising",
            0.01699593512618254
        ],
        [
            "media development authority",
            0.021073301052469382
        ],
        [
            "singapore internet regulations",
            0.028373535545880978
        ],
        [
            "breached singapore internet",
            0.03145368125250106
        ],
        [
            "sexualising female muslim",
            0.03912557161667539
        ],
        [
            "muslim religious teachershas",
            0.03912557161667539
        ],
        [
            "infocomm media",
            0.05316417551799461
        ],
        [
            "media development",
            0.05316417551799461
        ]
    ]
}]