[{"topic": "Protection from Harassment Court to be established on Jun 1 to make it easier, faster for victims to obtain relief.", "detail": "Related news:<br><a href = \"https://www.straitstimes.com/singapore/courts-crime/new-spore-court-dedicated-to-harassment-cases-to-be-established-on-june-1\" target=\"_black\">Headline: New S'pore court dedicated to harassment cases to be established on June 1, Courts & Crime News & Top Stories.</a><br><a href = \"https://www.channelnewsasia.com/news/singapore/protection-from-harassment-court-act-victims-minlaw-14919528\" target=\"_black\">Headline: Protection from Harassment Court to be established on Jun 1 to make it easier, faster for victims to obtain relief.</a><br><a href = \"https://www.straitstimes.com/singapore/courts-crime/new-spore-court-dedicated-to-harassment-cases-to-be-established-on-june-1\" target=\"_black\">Headline: New S'pore court dedicated to harassment cases to be established on June 1, Courts & Crime News & Top Stories.</a><br><a href = \"https://www.channelnewsasia.com/news/singapore/protection-from-harassment-court-act-victims-minlaw-14919528\" target=\"_black\">Headline: Protection from Harassment Court to be established on Jun 1 to make it easier, faster for victims to obtain relief.</a><br><a href = \"https://www.straitstimes.com/singapore/courts-crime/new-spore-court-dedicated-to-harassment-cases-to-be-established-on-june-1\" target=\"_black\">Headline: New S'pore court dedicated to harassment cases to be established on June 1, Courts & Crime News & Top Stories.</a><br><a href = \"https://www.channelnewsasia.com/news/singapore/protection-from-harassment-court-act-victims-minlaw-14919528\" target=\"_black\">Headline: Protection from Harassment Court to be established on Jun 1 to make it easier, faster for victims to obtain relief.</a>", "hotscore_time": "2021-06-03", "hotscore": 51.729046128859345, "keywords_cloud": [["court", 0.16392197405008482], ["tablet worth", 0.13635763383755395], ["daily and stand", 0.14251636960214584], ["harassment", 0.24576758428054515], ["state courts", 0.18792803303819247], ["protection", 0.22439862501902835], ["claims", 0.23307453998365213], ["cases", 0.257783493873294], ["protection orders", 0.3458972011370468], ["press release", 0.3323014465564009], ["expedited protection orders", 0.03206627516161789], ["joint release issued", 0.06012528464151094], ["orders", 0.0767077543235408], ["harassment court", 0.0857055799319124], ["expedited protection", 0.09534067579554345], ["protection from harassment", 0.1312922243365955]]}]